{
  "op": "string_indexer",
  "attributes": {
    "output_col": {
      "string": "Indexed_DEST"
    },
    "input_col": {
      "string": "DEST"
    },
    "handle_invalid": {
      "string": "error"
    },
    "labels_array_0": {
      "string": ["ATL", "ORD", "DFW", "DEN", "LAX", "PHX", "IAH", "SFO", "LAS", "CLT", "MCO", "SLC", "EWR", "BOS", "LGA", "MSP", "BWI", "JFK", "SEA", "DTW", "PHL", "MIA", "MDW", "SAN", "DCA", "IAD", "FLL", "TPA", "STL", "BNA", "MCI", "PDX", "HOU", "CLE", "HNL", "OAK", "DAL", "SMF", "RDU", "AUS", "MEM", "SNA", "MKE", "SJC", "MSY", "SAT", "RSW", "PIT", "ABQ", "IND", "PBI", "JAX", "BUR", "CMH", "CVG", "TUS", "SJU", "ONT", "BDL", "ELP", "OKC", "OGG", "RNO", "BUF", "OMA", "TUL", "LIT", "RIC", "PVD", "SDF", "PSP", "ORF", "LGB", "ANC", "BOI", "COS", "DAY", "LIH", "GEG", "FAT", "DSM", "TYS", "SBA", "MHT", "ICT", "PNS", "ROC", "GRR", "HPN", "HSV", "ALB", "SAV", "CAK", "ASE", "GSP", "MSN", "BTR", "CRP", "CAE", "ITO", "ISP", "LBB", "SGF", "SYR", "LEX", "SRQ", "AMA", "ECP", "MOB", "FSD", "MRY", "FAR", "TLH", "EUG", "GJT", "MDT", "MLI", "LFT", "SBP", "EGE", "PWM", "CHA", "SHV", "GRB", "AVL", "RAP", "MGM", "ILM", "FAY", "STT", "BZN", "AGS", "JNU", "BFL", "BMI", "AEX", "DRO", "MFR", "BTV", "ACV", "FWA", "EVV", "JAC", "FNT", "BIL", "HDN", "GNV", "MYR", "IDA", "PIA", "ROA", "LNK", "MSO", "BRO", "ABI", "GRK", "SBN", "FLG", "ATW", "MOT", "CLD", "KTN", "DAB", "CMI", "CSG", "CPR", "SPI", "RKS", "EYW", "TVC", "MLU", "RDD", "GTF", "GFK", "FCA", "HLN", "MLB", "MOD", "GCC", "CHO", "SMX", "FSM", "DHN", "CWA", "DLH", "LAN", "TWF", "LRD", "EKO", "CIC", "PIH", "GUC", "LMT", "SIT", "ROW", "VLD", "SAF", "BET", "ABY", "CEC", "TYR", "AZO", "OTZ", "OME", "LCH", "STX", "EAU", "RST", "BQK", "GTR", "TXK", "LSE", "COD", "MKG", "PAH", "MEI", "MMH", "YAK", "CDV", "ADQ", "PSG", "WRG", "BTM", "ACT", "CDC", "ELM", "MQT", "LWS", "BLI", "IPL", "SPS", "LWB", "SJT", "BRW", "GRI", "CYS", "GGG", "ART", "DBQ", "TOL", "TEX", "SCC", "BGR", "JLN", "RFD", "UTM", "SUX", "LYH", "FLO", "BGM", "BPT"],
      "type": "list"
    },
    "labels_length": {
      "int": 1
    }
  }
}