{
  "op": "string_indexer",
  "attributes": {
    "output_col": {
      "string": "Indexed_ORIGIN"
    },
    "input_col": {
      "string": "ORIGIN"
    },
    "handle_invalid": {
      "string": "error"
    },
    "labels_array_0": {
      "string": ["ATL", "ORD", "DFW", "DEN", "LAX", "PHX", "IAH", "SFO", "LAS", "CLT", "MCO", "SLC", "EWR", "BOS", "LGA", "MSP", "BWI", "JFK", "SEA", "DTW", "PHL", "MIA", "MDW", "SAN", "DCA", "IAD", "FLL", "TPA", "STL", "BNA", "MCI", "PDX", "HOU", "CLE", "HNL", "OAK", "SMF", "DAL", "RDU", "AUS", "SNA", "MEM", "MKE", "SJC", "MSY", "SAT", "RSW", "PIT", "ABQ", "IND", "PBI", "JAX", "BUR", "CMH", "CVG", "TUS", "SJU", "ONT", "BDL", "ELP", "OKC", "OGG", "RNO", "BUF", "OMA", "TUL", "LIT", "RIC", "PVD", "SDF", "PSP", "ORF", "LGB", "BOI", "ANC", "COS", "LIH", "DAY", "GEG", "FAT", "DSM", "TYS", "SBA", "MHT", "ICT", "PNS", "ROC", "GRR", "HPN", "HSV", "ALB", "SAV", "ASE", "CAK", "GSP", "BTR", "MSN", "CRP", "CAE", "ITO", "ISP", "LBB", "SGF", "SYR", "LEX", "SRQ", "ECP", "AMA", "MOB", "FAR", "FSD", "MRY", "GJT", "TLH", "MDT", "EUG", "MLI", "LFT", "EGE", "SBP", "PWM", "CHA", "SHV", "AVL", "GRB", "RAP", "MGM", "ILM", "FAY", "STT", "BZN", "AGS", "JNU", "BFL", "BMI", "MFR", "DRO", "AEX", "BTV", "ACV", "FWA", "JAC", "EVV", "FNT", "BIL", "HDN", "MYR", "IDA", "GNV", "PIA", "ROA", "LNK", "BRO", "MSO", "ABI", "ATW", "GRK", "FLG", "MOT", "SBN", "CLD", "KTN", "DAB", "CMI", "CSG", "CPR", "SPI", "RKS", "EYW", "TVC", "MLU", "RDD", "GTF", "GFK", "FCA", "HLN", "MLB", "GCC", "MOD", "CHO", "SMX", "FSM", "DHN", "CWA", "DLH", "TWF", "LAN", "LRD", "EKO", "GUC", "PIH", "LMT", "SIT", "ROW", "VLD", "SAF", "CEC", "BET", "ABY", "OME", "TYR", "CIC", "AZO", "LCH", "OTZ", "BQK", "STX", "EAU", "RST", "COD", "TXK", "GTR", "LSE", "MKG", "PAH", "CDV", "MEI", "MMH", "ADQ", "BTM", "WRG", "YAK", "PSG", "ACT", "CDC", "ELM", "LWS", "MQT", "SCC", "BLI", "IPL", "SPS", "BRW", "LWB", "SJT", "CYS", "GGG", "GRI", "ART", "DBQ", "TEX", "TOL", "BGR", "JLN", "RFD", "UTM", "SUX", "LYH", "FLO", "BGM", "BPT"],
      "type": "list"
    },
    "labels_length": {
      "int": 1
    }
  }
}