{
  "name": "VectorAssembler_0b7f93481f19",
  "shape": {
    "inputs": [{
      "port": "input0",
      "name": "MONTH"
    }, {
      "port": "input1",
      "name": "DAY_OF_WEEK"
    }, {
      "port": "input2",
      "name": "Indexed_UNIQUE_CARRIER"
    }, {
      "port": "input3",
      "name": "Indexed_ORIGIN"
    }, {
      "port": "input4",
      "name": "Indexed_DEST"
    }, {
      "port": "input5",
      "name": "CRS_DEP_TIME"
    }, {
      "port": "input6",
      "name": "CRS_ARR_TIME"
    }, {
      "port": "input7",
      "name": "RelativeHumidityOrigin"
    }, {
      "port": "input8",
      "name": "AltimeterOrigin"
    }, {
      "port": "input9",
      "name": "DryBulbCelsiusOrigin"
    }, {
      "port": "input10",
      "name": "WindSpeedOrigin"
    }, {
      "port": "input11",
      "name": "VisibilityOrigin"
    }, {
      "port": "input12",
      "name": "DewPointCelsiusOrigin"
    }, {
      "port": "input13",
      "name": "RelativeHumidityDest"
    }, {
      "port": "input14",
      "name": "AltimeterDest"
    }, {
      "port": "input15",
      "name": "DryBulbCelsiusDest"
    }, {
      "port": "input16",
      "name": "WindSpeedDest"
    }, {
      "port": "input17",
      "name": "VisibilityDest"
    }, {
      "port": "input18",
      "name": "DewPointCelsiusDest"
    }],
    "outputs": [{
      "port": "output",
      "name": "features"
    }]
  }
}